id;content
3054349;"Je remercie l'ensemble du personnel soignant ou pas pour sa gentillesse,  sa bienveillance,  sa disponibilité,  son professionnalisme , je recommande l'hôpital de Chalon."
3049187;3
3058341;3
3089770;4
3049195;4
3061732;4
3051854;4
3051886;"Personnel soignants aux petits soins suite AVC. Top!"
3049213;3
3050873;4
3051925;4
3051969;"Personnel très sympathique"
3050743;4
3078797;1
3076604;4
3080164;4
3079211;4
3079291;"Très  bon accueil  et prise en charge aux urgences.Merci à  vous tous pour votre dévouement."
3077995;4
3078067;"Merci  au personnel soignant"
3081920;3
3078488;4
3088408;"3 Cordialement"
3076716;4
3076639;4
3085479;3
3076824;4
3076803;"4 : Très satisfaite. Merci à tous les soignants."
3078653;"Accueil irréprochable dans les services, disponibilité des équipes médicales, patience et gentillesse tant à l'accueil qu'au téléphone  envers les familles souvent angoissées. Merci de transmettre."
3077910;3
3078590;"Je voudrais simplement dire que je suis pleinement satisfait du CH William Morey et je salue cordialement toutes les équipes pour leurs compétences professionnelles et leur dévouement . Bonne journée à vous ."
3123906;3
3076574;2
3079202;"Je pense qu'il serait Urgent et nécessaire d'augmenter l'effectif du personnel soignant au sein des urgences; oui car franchement, j'ai cru mourir, test Pcr effectué debout dans les deux narines, veines éclatées sur les deux bras, on m'a attachée comme un chat enragé, tout ça avec une brutalité innommable. J'ai noté 2, car heureusement, j'ai survécu. Et si un jour j'ai besoin de me ressourcer, j'irai directement au sein du Centre hospitalier qui m'a reconstruite. Pour moi, les urgences sont rayées de ma mémoire ! J'ai enduré l'inacceptable, l'inadmissible . Cordialement"
3076726;4
3080928;3
3078485;4
3078615;"Bonne prise en charge de la douleur, et beaucoup de remerciements au personnel du service chirurgie ambulatoire, des gens très compétents et agréables."
3077519;4
3077920;"Très très bonne prise en charge, efficace et rapide !"
3078646;"Prestations très satisfaisante merci encore"
3078570;3
3076582;3
3078151;3
3078470;"J'ai été opéré le 18 mai. Depuis le 21 mai une des deux cicatrices (la plus visible) supure..."
3078047;4
3088258;"Peut etre sortir avec les resultats au lieu de les recevoir par courrier 1 semaine après  Ce serait plus pratique pour aller chez le médecin traitant et informer la famille qui attend  Merci pour votre attention"
3081381;1
3078051;4
3078209;"Très bon accueil. Très bon accompagnement lors de l'accouchement et la mise au sein (pas très facile et tjrs soutenue par Sages femmes et auxiliaires) Très bon séjour en maternité. Chapeau !"
3077181;4
3077594;"Très bonne prise en charge et suivi médical  Seul bémol : il est regrettable d etre convoquée à 7h00 pour une entrée au bloc à 14h00"
3079071;4
3078978;3
3079329;4
3079378;"Bonjour je suis très satisfait Merci"
3078647;4
3081408;4
3081101;4
3078195;4
3078513;"Très bonne prise en charge par le personnel soignant, à l écoute du patient."
3080588;"Très satisfait4"
3079139;4
3076686;3
3085587;4
3076608;3
3076581;4
3077543;"Personnel à l'écoute, bienveillant et compétent ! Merci à toute l'équipe, qui travaille parfois dans des conditions pas faciles, aux Urgences notamment."
3077539;3
3077872;"Merci pour la qualité des soins et de la gentillesse du personnel soignant très réconfortant"
3080996;3
3078045;4
3077965;3
3078368;"J'aurais souhaité avoir un rendez-vous avec le Centre anti douleurs de l'hôpital, mais cela n'a jamais été possible car délai extrêmement long... Dommage... car j'ai par moments certaines douleurs qui pourraient peut-être être évitées... Enfin pour l'instant j' arrive encore à gérer..."
3076816;3
3079017;4
3077118;4
3081049;4
3076683;3
3077068;4
3078092;"1. La douleur sans relation avec l'acte n' a pas du tout été explorée"
3078281;"Aucune douleur après la coloscopie  Toutefois cet acte a été réalisé en raison de douleurs abdominales.  Son résultat étant négatif on aurait pu imaginer d'autres investigations d'où ma réponse"
3077379;4
3078729;4
3076616;2
3081679;4
3114894;2
3076891;4
3080505;4
3081005;4
3081671;3
3081672;"Prise en charge ambulatoire très bien. Infirmière/aide soignante très à l'écoute. Anesthésiste extraordinaire, très humain, rassurant."
3081380;"4 très satisfaite ! Un personnel très attentionné !"
3081634;3
3076920;4
3078413;3
3078633;4
3079231;"Grosse appréhension au départ en arrivant au service ambulatoire mais vraiment l'accueil très chaleureux l'équipe médicale proche des patients merci"
3081628;"4 pas de douleurs"
3078665;4
3081997;"A signaler : j'ai eu trop froid en salle de r veil, bien que l'on m'a rajout  une couverture lorsque j'ai demand ,  d'o  une grosse laryngite soign e par"
3081998;"antibiotiques. Pourquoi ne couvre- t- on pas plus les patients d s l'arriv e en salle de r veil ?"
3077446;3
3076775;4
3077540;"Je tiens à remercier toutes l'équipe de l'hopital pour leur sacré travail merci encore."
3078344;4
3078033;4
3078271;"Merci pour l'accueil du personnel au petit soin, merci pour leur bienveillance"
3076622;4
3078511;4
3087498;"Examen :colposcopie en ambulatoire. Tout s'est bien passé."
3081219;2
3076614;4
3078834;"4 tout était parfait surtout le niveau d écoute de tout le personnel!"
3078903;"Niveau  d écoute du personnel soignant parfait"
3076618;4
3077648;"Service diabetologie personnel super professionnel  très a l ecoute et très agréable merci à toutes"
3077667;"Pour la prise en charge de la douleur 4. Par contre ce qui est fort regrettable ,négatif au PCR à l'entrée dans vos services ,et positif le lendemain de ma sortie tout en ayant eu le rappel du deuxième vaccin le deux avril ,et soignée par des infirmières qui ne sont pas toutes vaccinées, dans ces conditions comment sortir de l'épidémie A divulguer ,pour éviter la récidive de ces problèmes."
3077851;"Commentaire laissé suite à votre message ,veuillez en prendre connaissance."
3076587;4
3077803;"Très bon accompagnement du personnel médical. Traitement de la douleur. Réponses à toutes mes questions. Durée hospitalisation courte suivant protocole, perturbant... mais bénéfique au retour à domicile."
3079635;4
3082008;3
3078690;4
3078911;"Je suis satisfaite de mon hospitalisation juste un petit bémol l'attente trop longue pour avoir un brancardier 1h30 pour regagner ma chambre après un scanner"
3078231;4
3076720;"Je donne la note de 4. Bien cordialement."
3077478;3
3080404;4
3078182;4
3081124;4
3077535;4
3084956;3
3076606;4
3076849;4
3077760;"Bon accueil au service ambulatoire. Personnel très à l'écoute et vigilant. Tres bon suivi avant et pendant le bloc par les soignants ts confondus. Appel pour suivi à la maison . Merci à ts. Prenez ts soin de vs. Bonne journée."
3078174;4
3078181;4
3076635;4
3076794;4
3076607;1
3077538;"Gérer sa douleur seule n'est pas chose facile"
3077798;1
3115069;"J ai commis une erreur j ai tapé 1. Alors que c est. 4. Très satisfait.  Désolé de l erreur."
3079307;3
3077046;4
3076627;3
3076620;4
3076640;4
3076600;4
3077609;4
3095843;4
3108807;4
3076631;4
3077763;"Personnels hospitalier super (infirmier et infirmière aides soignants brancardiers et personnels anesthésiste  ) Merci à eux pour leur dévouement"
3077343;4
3079390;"Personnel en gynécologie au top et la l'écoute"
3081592;,4
3079688;4
3078704;4
3078786;"Tout à fait contente de cette hopital très propre et une bonne prise en charge"
3077784;4
3080451;3
3080493;"Un grand merci à toutes l'équipe pour leurs accueil et leur bonne humeur ainsi que les personnes des repas"
3078077;"Bonjour 4 tres satisfait merci bonne réception."
3076718;"3: satisfait."
3076571;4
3078887;4
3076757;4
3087545;"4 très satisfaite et merci beaucoup aux médecins et toute l'équipe de neuro"
3076583;4
3077533;"Je remercie toute l'équipe qui a pris soin de moi. Des personnes compétentes, rassurantes."
3076699;4
3110673;4
3112134;"Réponse  4"
3115865;"4 très satisfait"
3111096;4
3112653;4
3131233;"3 satisfait"
3110662;4
3114619;4
3113689;4
3110610;4
3110736;A
3115380;4
3111229;1
3112677;"Bonjour étant  diabétiques j'ais  pas surporter  la cortisone  et acupan , cependant  je dis merci aux services hospitaliers ( infirmières  de leurs gentillesse )"
3110938;3
3112322;4
3111456;4
3112074;"Je remercie toutes les personnes qui se sont occupées de moi. Leurs professionnalisme, leurs humanités ont été pour moi d'un très grand réconfort. Cordialement"
3111995;4
3111483;3
3110638;4
3110745;3
3122887;4
3110625;4
3111124;4
3110685;3
3111818;"Accueil des infermieres et autres personnels très bien ce jours"
3112336;4
3112522;"Très bon accueil et personnel attentionné. Remerciements à toutes et tous."
3112224;3
3110670;4
3110687;4
3115188;"Très contente de l'hôpital et bravo à toute l'équipe soignante du service orthopédique. Mais il y a un gros problème avec le médecin anesthésiste qui vient de Roumanie. Elle m'a massacrée ,impossible pour elle de me faire un bloc pour la prothèse de genou et encore moi pour la rachi. C' était ma quatrième rachis et le trois premières , il n' y a eu aucun problème , cela s'est super bien passé. Évidemment elle ne se remet pas en cause car c 'est de la faute du matériel Résultat celà s'est terminé par une anesthésie générale ce que je ne voulais absolument pas. J'espère que mon SMS va servir à protéger les autres patients de son incapacité. Un hôpital comme William Morey , c'est décevant"
3111996;3
3111623;4
3117130;"Je ne peux qu'être satisfait de la pertinence des soins et de la gentillesse de l'ensemble du personnel."
3110695;4
3115546;4
3110789;4
3124209;4
3115701;3
3115227;4
3117720;"Bonjour  J'ai  été très bien  reçu.  Medecin et personnels hospitaliers  très  à l'écoute  et très attentionnés.  Un très bon point pour ce service . Merci."
3113631;4
3150501;4
3111265;4
3111712;"Merci pour votre accompagnement gentillesse et suivi"
3113168;4
3110791;3
3115511;3
3115655;3
3111309;4
3114763;4
3112797;4
3110608;3
3112204;4
3123510;3
3115072;4
3112812;4
3113310;"Personnel serieux et sympathique faisant tout pour mettre le patient en confiance."
3113891;4
3114392;"Les infirmiers(ères) on été remarquable sur mon accueil et lors de mon intervention. Rien à redire,  accueil , anesthésie, chrirchie ambulatoire, c était juste parfait."
3110755;"4.et l accueil était formidable et par toutes les équipes. Merci beaucoup. Gérard vaury."
3110640;4
3111946;"Tres bonne prise en charge à mon arrivee en medecine ambulatoire, aide soignante tres gentille aux petits soins, accompagne tout au long de la journée.Bien organisé, pas d'attente pour les examens, médecins à l'ecoute. Tres appréciable !"
3111898;4
3111985;"Très satisfaite du service. Personnes accueillantes et agréables. Bonne continuation."
3111993;4
3110724;3
3112605;3
3111546;4
3111919;4
3111337;3
3110779;4
3110654;4
3113379;3
3112854;1
3111439;4
3112246;"Bonjour je tiens à remercier toute l'équipe de médecine interne que ce soit le secrétariat  les infirmières les aides-soignantes les femmes de ménage  un grand merci au docteur Julien qui a trouvé ma maladie merci infiniment à vous tous  Cordialement"
3112723;3
3112794;"La seule chose c'est la transformation d'une chambre  seule en chambre double."
3110681;3.
3110603;4
3110771;>
3114557;4
3113941;4
3113434;4
3110709;4
3111630;"Un grand merci aux professionnels du service ambulatoire et ceux du service anesthésie qui sont super"
3115667;4
3115892;3
3115894;"Comme je n'ai pas eu de fortes douleurs pour mes examens, je ne peux pas trop juger la qualité de la prise en charge de la douleur."
3120947;4
3112308;4
3112729;"Les agents du service de médecine interne sont à  l écoute et très sympathiques. Les agents de l hospitalier de jour également"
3112503;"Numéro 4"
3112687;"Oui super bien accueilli et bien entourer.bon souvenir de la part des infirmières du médecin"
3115310;4
3115322;"Personnel très aimable, a l écoute et aux petits soins"
3110636;4
3124499;4
3110795;3
3111679;Stop
3110947;4
3110659;"Bonjour,   3 : Satisfait.  Cordialement"
3110882;4
3112050;4
3111083;"4 très satisfait"
3112782;"Infirmière  aide soignante  tous les autres super professionnel merci"
3110651;4
3124065;4
3113112;3
3110699;3
3113097;4
3112982;4
3115053;"J'ai été hospitalisé dans le service d'urologie récemment et tiens à souligner la remarquable prise en charge de l'ensemble de l'équipe. Equipe très compétente, professionnelle, à l'écoute mais aussi toujours de bonne humeur ce qui est également très important. Félicitations et un grand merci à tous (tes)."
3111145;4
3114578;"Hospitalisation suite à un accouchement prématuré, équipe durant le travail extraordinaire, personnel en néonatalogie à l'écoute, très attentionné, rien à dire, extrêmement rassurant pour une jeune maman, un grand merci"
3114294;4
3111969;4
3112875;"Ok pas de pb"
3110664;4
3115547;"Je n'ai pas souffert depuis ma sortie , la kiné a l'air satisfaite de l'évolution . La plaie est saine . Seul hic les 8 heures d'attente pour la descente au blo¡6@J£@$¡æ@u@@£tions de travail ."
3122701;4
3114228;Satisfaisant
3114242;3
3113019;3
3113106;"Infirmière en salle de réveil pas au yop"
3113109;Top
3110611;3
3110624;4
3110828;3
3112213;4
3124411;4
3124279;4
3112242;4
3110759;4
3149416;4
3157907;4
3147328;3
3145568;3
3146326;1
3146391;3
3146335;4
3146557;"Tout a été parfait pour moi rien à redire. Très bon accueil rapidité de la prise en charge et mise en confiance"
3147411;4
3145490;4
3148109;4
3145521;3
3147294;4
3147839;4
3145488;4
3149119;3
3145463;4
3147353;4
3147491;"Toujours bien entourée    bonne prise en compte de la douleur. Un bémol, le personnel de l'accueil est un peu SEC"
3147083;4
3147368;"J ai été hospitalisée pour une phlébite   embolie bilatérale. Je remercie le personnel des urgences,de la rea cardio du service cardio, ou j ai rencontrer un personnel soignant pour la majorité  empathique,à  l l'ecoute et  compétent.  J aimerai  qu ils aient connaissance de mon ressenti."
3145555;4
3147208;"Je suis une personne sourde et j'ai paniqué avec les masques comme  je lis sur la lecture labiale. Donc le personnel infirmier, médecin et autre ont été très compréhensifs et sympathiques.."
3145495;4
3147190;4
3156799;4
3145580;4
3146800;"Je suis vraiment très satisfaite  du personnel et des conditions d'hospitalisation ! Je ne le dis pas pour faire plaisir, mais parce que c'est la vérité . Merci à vous"
3150720;4
3149882;4
3147664;4
3146462;4
3145438;3
3145560;4
3145456;3
3146507;4
3147040;"Lors de mon hospitalisation à Chalon tout le personnel urgence ou service orthopédique ont fait preuve de bienveillance tous mes remerciements."
3145622;4
3145516;4
3147735;4
3146694;4
3145505;4
3146919;4
3146854;4
3145627;4
3146707;4
3145449;3
3146592;4
3148132;4
3147059;3
3147203;4
3146813;4
3145454;4
3145500;4
3147349;3
3145481;4
3146649;"Bonjour je suis très satisfaite de votre hospitalier vous êtes une bonne équipe   Vous faites du bon travail continuez comme ça  merci à vous et je vous souhaite bon courage à tous bonne journée ."
3145459;4
3145856;4
3145542;"3 satisfaite"
3149249;4
3145483;3
3145546;4
3146542;"Très bien accueilli à chaque rendez-vous"
3150662;3
3147584;"Rep: 3"
3150472;3
3145437;4
3145442;4
3145418;4
3146555;"Je suis hospitalisé tout les deux mois à l'image et franchement les filles sont adorables rien a redire elle sont top toujours souriantes et agréable"
3146565;L'uma
3146814;4
3146648;4
3145511;3
3145756;"Bonjour  Très satisfaite"
3147909;"Très bien rassuré du à ma première opération de ma main  Équipe super  gentille  bonne journée ??"
3145428;4
3145464;4
3146547;"Le personnel soignant est vraiment, mais vraiment au top...  Je l'ai déjà dit durant mon séjour de teois semaines en octobre...... Infirmieres, aide soignant, femme de ménage...... Tout le monde a été génial et d'un grand réconfort.... Je crois que je ne les remercierais jamais assez"
3145781;4
3146809;"Remerciements à l ensemble du personnel pour leur professionnalisme et leur amabilité."
3145491;4
3145508;3.
3147806;4
3185861;4
3150463;4
3145515;"3 satisfait  bonne journée"
3150244;4
3145477;4
3149778;3
3145441;4
3145579;4
3146769;4
3146840;"Merci, aux personnels soignants."
3146222;"Centre  hospitalier  chalon note  4 Merci  à toutes  l équipe   Robert"
3145619;4.
3145473;4
3147721;4
3146882;4
3149748;4
3145447;4
3149771;4
3149789;"J'ai tous mes praticiens à l'hôpital. J'en suis très satisfait"
3149385;2
3151006;4
3145506;3
3145528;3
3145549;"Très satisfait"
3150523;3
3145635;3
3150686;4
3146047;"N ayant pas vu le chirurgien après l opération..Je n ai pas reçu mon contrendu de l intervention.  Merci de me l envoyé. Svp"
3147304;4
3147115;4
3151265;4
3147566;4
3145476;3
3147367;4
3147409;"Personnel à l'accueil de l'hôpital vraiment désagréable idem au téléphone lorsqu'on ne peut pas joindre directement le service concerné ! Par contre personnel médical en chirurgie ambulatoire très humain et sympathique idem au bloc opératoire. Un grand merci à eux."
3145812;4
3146943;4
3145429;4
3145485;3
3147471;3
3147245;4
3147311;"Personnel très attentif  et de surcroît sympathique."
3157499;4
3145501;4
3145538;4
3146482;"Le personnel très à l écoute et très disponible pour la prise en charge des soins"
3146803;3
3149516;4
3150666;4
3146215;4
3148172;4
3145475;3
3148892;"Ma note est  4  félicitations à tous."
3145504;4
3148730;"Super hopital et super personnel bravo"
3146354;4
3145452;4
3148972;4
3149044;"Bonjour. J ai été bien accueilli et je remercie tout le personnel hospitalier en leur souhaitant un bon courage pour tout ce qu'ils font. Encore merci"
3146280;4
3146639;4
3147334;"Super séjour à la maternité, le personnel est au top. Gentille et très agréable par contre la secrétaire (la blonde) à l'accueil n'est pas du tout accueillante."
3147384;"4 et merci"
3147018;Note
nvoyé;"lencre invisible)"
3150710;4
3150342;2
3150361;"Bonjour ,Mise à part les sages femmes de nuit, très gentil , rassurante je trouve le personnel du blocs d'accouchement en journée peu professionnelle, nous disent un temps d'attente de 10 minutes et reviennent plus d'une heure et demi après en disant qu'elles sont seules sur un ton peu agréable comme si cela étaient notre faute."
3145602;4
3146588;"Merci au service chirurgie orthopédique , les soignants sont vraiment à l'écoute du patient . Mon séjour même malheureusement sans visite s'est très bien passé ...."
3145540;4
3145785;4
3145861;"Tres contente"
3146537;"Rien a dire tout et parfait mais j espere de ne pas revenir"
3151319;3
3198623;1
3183034;4
3181303;"4 très satisfait merci aux personnels"
3181839;"Ayant été 37 ans sapeur-pompier je remercie le personnel pour son professionnalisme sa gentillesse sa bonne humeur et je leur souhaite beaucoup de courage merci"
3180443;4
3180433;3
3180405;4
3180414;4
3181660;4
3180527;4
3194761;4
3182557;4
3184010;3
3185359;4
3180438;3
3181691;"La prise en charge aux urgences a été certes laborieuse avec un interne un peu dépassé mais la prise en charge durant l'hospitalisation a été parfaite tout le corps médical a été d'une gentillesse et d'une bienveillance magnifique merci beaucoup pour votre dévouement"
3180376;4
3180411;4
3181806;4
3183110;"J'ai trouvé que l'accueil est très bien,  les infirmières qui vous accueillent sont très consciencieuses et font tout leur possible pour vous rassurer avant une opération  Elles respectent à tout point notre dignité et respectent la confidentialité de la personne. Bravo pour ces infirmières qui malgré leur temps de travail savent toujours s'occuper de vous dès que vous le demander."
3181068;4
3183916;3
3180404;4
3181700;"Merci au personnel et surtout à Frédéric W. Infirmier du bloc et au docteur."
3193656;4
3184238;4
3194024;4
3185990;3
3180756;4
3180726;2
3180395;4
3180418;4
3182924;3
3180502;4
3180397;3
3192646;3
3182895;4
3185579;4
3180423;2
3180526;4
3223096;4
3185378;4
3182708;4
3180448;3
3180401;4
2889196;4
2895777;4
2888453;3
2891889;3
2889449;2
2892032;"Rester dans un couloir au urgence pendant 8 heures avant d'intégrer une chambre avec une lombaire exploser ça ne se fait pas (et on parle d'urgence)?"
2890453;4
2888915;4
2888912;4
2889667;"Voil  ma r ponse 3"
2889285;4
2888582;2
2889819;4
2889435;3
2889159;4
2889876;4
2890344;"Merci  à tout le personnel hospitalier sans exception pour les soins médical ou autres Merci pour vôtre gentillesse , vôtre bonne humeur , vôtre écoute vôtre patience vôtre humour aussi malgré la charge de travail que vous avez aujourd'hui avec se COVID. Merci merci merci"
2890520;3
2888472;4
2893357;4
2888630;4
2889166;"Très satisfaite de ma prise en charge, personnels et professionnels agréables et souriant malgré la surcharge de travail du au contexte sanitaire actuel. Examens bien détaillés et expliqués. Et cerise sur le gâteau nourriture plutôt bonne. Merci à tous"
2892319;3
2892387;"Ai aprécié la disponibilité et les qualités humaines de TOUT le personnel du service orthopédique"
2888313;3
2889005;4
2893173;2
2889679;4
2890757;4
2889656;4
2893232;3
2900692;"Personnelles très  professionnels et  très  aimable amitiés tous, les  repas très  bons"
2888654;3
2889924;4
2892832;4
2888383;4
2889138;4
2889027;".mal voyant  je n ai. Personne  pour. Répondre"
2888278;3
2889786;3
2893247;3
2895187;3
2888999;4
2893444;4
2890425;"4ok super a tout le personnel merci"
2890790;"4ok super a tout le personnel merci"
2890948;"merci pour tout a tout le personnel merci"
2890152;4
2890409;3
2892585;4
2892871;"Je souhaite remercier tout le personnel, particulièrement le personnel soignant pour son attention. J'ai trouvé qu'il n'était pas facile de dormir la nuit à l'hôpital en partie à cause de la lumière et la ventilation émises par les appareils bordant chaque lit. Il faudrait les éteindre lorsqu'ils ne servent pas. Dans mon cas j'estime que l'arrêt du glucose s'est fait trop rapidement, après 4 jours de jeun, ça a été un coup dur...  Cordialement, Laurent"
2888868;4
2892860;4
2890672;1
2892932;1
2889006;4
2888627;4
2935417;"4 très satisfaite Micheline"
2889078;4
2890271;4
2888705;4
2889311;"On souhaite, mon conjoint et moi-même, remercier l'équipe du bloc accouchement dans la nuit du 31 mars et celle du 1er avril également, grâce à elles j'ai vécu un magnifique accouchement. On souhaite remercier l'interne en gynécologie et l'anesthésiste également. Et pour finir les équipes de jour et de nuit au service maternité du 25 Août au 29 Août, des personnes à l'écoute, attentives et vraiment de bons conseils. Nous gardons un très beau souvenir de mon accouchement et de notre séjour à la maternité. Nous nous sommes senti très bien, écoutez, et surtout nous sommes sortis avec une confiance en nous grâce à toutes ces personnes. Vraiment, un grand merci."
2901019;3
2901143;3
2888920;"4 très satisfait"
2889935;"4 très satisfait"
2888965;3
2900634;"Accueil patient quatre"
2889079;1
2888980;3
2890131;"Bonjour je souhaite seulement une chose j ai rdv cet après midi chez vous et je voudrais que l on me dise qu on va m opéré cela fait maintenant bientôt deux ans que j ai mal à ma cuisse on doit me poser un neurostimulateur et à chaque fois on repousse l opération cala infecté mon état psychologique ainsi de celui de ma femme et mes 2enfants cela dure depuis le 12 octobre 2019 mon épouse en a mare et veut se séparer de moi je mise tout sur cette opération pour retrouver une vie normal et pouvoir commencer ma reconverti on professionnelle voilà je vous remercie de faire suivre aux personnes concernées merci cordialement"
2921133;4
2921161;4
2923157;4
2921142;>
2924718;4
2922251;4
2922420;"Personnel soignant a l'écoute et très sympathique  Tout a été fait pour que je souffre le moins possible  Merci"
2921299;3
2922976;"4 très sastifait"
2923812;3
2922073;4
2921130;4
2922930;4
2922546;4
2922625;"Après mon opération ( en ambulatoire ) j'ai fait un malaise. Très bonne réactivité du personnel et de surcroit beaucoup de gentillesse ce qui aide dans ses moments difficiles. Encore merci."
2921940;4
2922033;"Je remercie l'ensemble du personnel soignant et pour l'amabilité que le professionnalisme ne lâcher rien nous arriverons tous ensemble à sortir de la crise et seront plus fort demain"
2924709;"Petite précision cela est aussi pour l'ensemble du personnel hospitalier"
2926518;3
2921172;2
2923365;"Pourquoi ma ton dit le jeudi 8 que j'avais le début d'une infection alors que j'avais fait une allergie au sparadrap ou pansements et pourquoi le service ou j'étais opérer n'a pas apprécié que j'aille voir ma fille le mardi aux urgences, c'est dommage j'ai perdu confiance en vous si vous voulez m'appeler pour en savoir plus hésitez pas, bon courage à tout le personnel de l'hôpital"
2921676;3
2922738;3
2921160;4
2937528;3
2922115;3/4
2921715;4
2921958;"Par contre comme prévu personne ne m'a téléphoné le lendemain pour demander des nouvelles Pas gênant du fait que je n'étais pas seule"
2921221;3
2922070;"Infirmière sympatique"
2922213;3
2924021;3
2921781;4
2932113;4
2921274;3
2921239;4
2922754;4
2921140;4
2924555;"3 : satisfait"
2924640;"Reçue beaucoup d attention et de gentillesse de la part du personnel (toutes catégories confondues) . Merci pour leurs bons soins et bienveillance"
2921250;4
2924624;0
2924634;"Pour  le soins je donne  numéro 4 merci"
2924657;"La gentillesse  aussi bien  aux  soins  intensifs  et  service gastro était  parfait"
2921259;4
2921177;3
2921228;4
2921192;4
2923388;4
2923909;"Merci à tous les soignants, et je vous souhaite un bon courage"
2921638;"Ma note est de 3"
2922838;4
2922973;"Moi sais  la première  fois que j'allais  a l'hôpital  de chalon  .....la première fois  aux urgences  la une équipe  formidable  toujours  aux grands  soins pour le patient  malgré  tout leurs  travail  ....et hier en hospitalisation  de jour pareil  une équipe  formidable  aux  grands  soins pour le patient  ...merci  a tous  pour leur gentillesse  ...."
2922747;3
2922768;"Délai très long entre 2 examens.. Plusieurs heures.... sans explications...."
2921175;4
2937554;4
2921959;4
2924321;4
2924329;"Je vous remercie pour vos bons soins. Les quelques jours passés chez-vous m'ont remis d'aplomb. J'ai été frappé par la gentillesse des infirmières, la qualité des soins et de la cuisine. Cordialement."
2921199;4
2921682;"Le personnel a été très bien à l'écoute, patient et de très bon conseil"
2932528;3
2922119;4
2922437;"Mon arrivé à très bien été orchestré  infirmière  et personnel hospitalier adorable  Ainsi que médecin et chirurgien"
2921271;3
2921778;"Chambre individuelle impeccable services pour manger et ménage très bien , des infirmières tres bien pour les soins. Juste la visite matinale du médecin ou chirurgien un peut trop rapide ."
2921191;2
2923459;4
2921827;4
2921158;4
2921776;"Très bon accueil, personnel, gentil, dévoué, et malgré une prise en charge pour pâque,et un contexte compliqué, des équipes formidables. Bravo et courage a tous"
2921292;4
2923125;4
2921164;4
2921209;4
2921265;4
2921725;"Personnel soignant très agréable,professionnel,sait mettre en confiance d une grande gentillesse"
2921217;2
2926286;"Pas de compte rendu de l intervention"
2923823;4
2921885;4
2922077;"Un grand merci à l ensemble du personnel pour leur gentillesse et leur bienveillance"
2925634;3
2922082;3
2921644;"4 un énorme 4! Rires,soins méchants mais donnés avec une extréme gentillesse! Super moment écrasant la trouille! Le cabe a sa chambre et n a qu à bien se tenir! Tchao à vous!"
2922043;"Je viens de le faire numéro zinzin!"
2921167;4
2923887;4
2924124;"Très bon accueil. Personnel très bien à tous les niveaux de la prise en charge"
2922247;4
2925473;4
2925504;"Merci pour votre gentillesse et vos compétences"
2921200;3
2921846;4
2926287;"Accueil rez de chaussée parfait  service ambulatoire:vraiment au top avec sourire et mise en confiance - quant au docteur CHAMPION et son assistante,super bravo et grd merci...vive notre hopital"
2924564;"4 très satisfait."
2922977;4
2923056;"Je suis très satisfaite de l'hôpital william-morey en qualité de service de propreté de chaleur humaine un personnel très à l'écoute et surtout très compétent"
2922522;4
2922044;4
2921537;3
2922661;4
2922714;"Une équipe de soignants (en rhumatologie ) attentionnée agréable professionnelle 9 jours d'hospitalisation sans visite merci encore à eux de leur dévouement !!!"
2937788;1
2924553;3
2921336;"4 très satisfait"
2922199;4
2923223;"Très bon accueil, et le personnel disponible et très compétant merci"
2938484;"4 sur 4 bien mérité car j'ai choisi votre  hopital depuis 6 ans et je parcours 210km AR à chaque déplacement chez vous. Merci Christian Malpart"
2922685;4
2923375;3
2921163;3
2922248;4
2922301;4
2922577;"Bonjour  Je tiens à remercier le personnel soignant pour leur bienveillance,  leur attention et leur prévenance, leur gentillesse et leur sourire. Et évidemment leur soin. Un immense merci à elles toutes Marcelle Marcelle Dupond"
2927379;4
2921907;"Bonjour, merci  de votre soin  je suis  satisfait  donc  je  note  4"
2921245;4
2922061;4
2921174;3
2923238;"Personnel soignant sympathique et à  l'écoute. En salle d'opération bonne prise en main, rassurante avec une bonne mise en confiance."
2921166;4
2922125;4
2922210;4
2921832;3
2926483;3
2922040;4
2922120;"Toute l'équipe soignante et administrative a été très professionnelles et agréable."
2921509;"4 merci à vous tous"
2921137;4
2922668;3
2921261;4
2923364;4
2922516;3
2924582;4
2924638;"Rien à redire sur le personnel soignant très à l'écoute très professionnel par contre le chirurgien qui et venu me voir le soir de mon entré dans ma chambre devrait revoir son langage car très vexant mai le personnel vraiment très très professionnel voilà"
2921165;4
2921150;4
2922032;"Mon séjour dans le service orthopédique c'est très bien passé le personnel aux petits soins et à l'écoute la chambre très propre et les repas très copieux et bon"
2921184;3
2932278;4
2924478;"2 délai d'attente aux urgences ..."
2921169;1
2922090;"Malgré les ordonnances déposées le jour de l'hospitalisation, difficile d'avoir les traitements conformes à la prescription et être obligé de réclamer à chaque fois. Lors de la sortie aucune information quand aux problèmes urinaires et au fait qu'il faudrait prévoir des protections afin de ne pas se trouver inondé en arrivant à la maison."
2921146;2
2923079;"Je n'ai pas compris la méthode qui a été mise en place, mon hospitalisation n'était pas désirée mais apperement nécessaire.."
2924481;4
2924336;4
2921157;3
2923874;4
2921155;4
2921683;"Bien accueillie par le personnel qui est vraiment a l'écoute les repas ne m ont pas déplu franchement c'est un très bon service"
2921784;4
2922381;"Note qualité de l'information: 4"
2926398;4
2921151;2
2922208;"Temps d'attente bcp trop long au urgence et peu d'info. En ce qui concerne certains médecins manque de psychologie de tacte de savoir vivre en particulier chez le docteur. Ter schiphorst qui est par ailleur certainement un très bon médecin. Répéter a un malade qu'il va mourir du jamais et cela tous les jours. J'espère que vous transmettre mes info"
2921943;4
2921156;4
2921179;4
2921153;4
2921797;"J'ai été bien accueillie et chaque étape de la prise en charge a été expliquée. Professionalisme et attention."
2921194;3
2947989;4
2947813;4
2948524;3
2948591;"Très bon accueil et très grande disponibilité de tout le personnel"
2949579;4
2950699;"Par contre la nourriture cantine à revoir car infecte  Merci"
2950403;3
2950221;3
2955539;"Bonjour, je me permet de vous faire remarquer que 15 j après mon hospitalisation, mon médecin traitant n'a toujours pas reçu de compte rendu ( avec pourtant un trouble du rythme cardiaque décelé lors de ces 3 j) . Malgré cette période particulièrement difficile, j'en suis bien consciente, peut-être est ce un point de communication à améliorer. Jocelyne Dulac"
2947833;4
2948090;3
2956117;1
2956063;3
2949144;4
2950376;3
2950708;4
2950502;4
2953598;"Je suis  suivie a l'hopital aupres de divers medecins,j'ai toujours eu de bons rapports L""accueil tous les nivaux excellent , les  explications sur notre maladie au top  Le Dr Mausservey  est exceptionnelle toulours a l'ecoute du malade et trouve nos maladies   Le service hospitalisation de jour formldable Pour moi et mon mari l'hopital est le meilleurs de toute le 71 pour se faire soigner"
2949696;4
2952858;"Satisfaction de ma prise en charge malgr  les al as actuels"
2947805;3
2948599;1
2948153;"Bonjour 3 mais trop attente service Ophtamo.personnel sympa."
2950748;3
2954709;4
2956826;4
2948505;3
2955906;3
2949741;4
2947803;4
2950541;"Très bonne prise en charge note de 4"
2950554;"J'ai été très bien pris en main par des infirmières très dévouées et très à l'écoute de mes demandes."
2952651;4
2950578;4
2955583;4
2947744;4
2949459;"quipe ambulatoire, équipe bloc et suivi d'intervention au top. Vraiment très agréable. Merci"
2948615;4
2947817;4
2950788;4
2950961;4
2982474;4
2991116;3
2947733;4
2947965;4
2947810;2
2949441;4
2949032;4
2948489;3
2948393;4
2948490;4
2957771;3
2951207;3
2948992;3
2949068;4
2949250;"Merci à tout le personnel hospitalier pour sa gentillesse et sa compétence un grand dommage de n,avoir pu mettre un visage faute au  masque à la douce voix de cloe des urgences encore merci pour  tout et bon courage"
2950572;4
2948079;4
2948396;"Très satisfait du personnel hospitalier ainsi que les infirmières et médecins"
2947812;3
2947901;4
2949138;4
2949165;"Très bon accueil"
2950059;4
2948021;4
2954219;4
2949304;4
2949852;"r vôtre travail"
2949853;"te des docteurs et infirmières qui s'occupe d'elle encore merci pou"
2949856;"J'ai mon épouse qui est en chimiothérapie et elle est très satisfai"
2948314;4
2947782;merde!
2956965;"24 is not"
2947928;4
2948440;3
2947872;"Très satisfait 4."
2947909;4
2948435;"tant en suite de Soins depuis ma sortie. Je vois la différence. Vous m'avez habitué à de la bienveillance, au changement de drap fréquemment, mes draps remis en place tous les jours. . Au passage dans ma chambre pour savoir si cela allait. Quel changement avec aujourd'hui. Je suis plus que satisfaite de vos services. Merci."
2949346;4
2948447;"Bonjour,3  Bonne journée"
2949849;4
2948814;4
2948820;2
2950776;3
2955274;4
2950168;4
2948006;4
2950162;3
2947740;1
2948272;"quipe qui ne se parle pas beaucoup (interne -> IDE)"
2949676;"1 mais surtout 0 sur le suivi :lettre suit !!!!!!"
2947747;4
2949093;4
2949139;"Très  satisfait  de mon accueil et des soins reçus au centre hospitalier N Clamere."
2947917;4
2950926;"Super accueil de l'ensemble du personnel et parfaite prise en charge du patient. On ne peut bien évidemment que recommander même si l'on espère ne pas revenir dans un avenir proche..."
2948496;3
2947794;4
2948303;"L'information sur l'opération était très claire. La prise en charge, l'intervention, tout s'est passé de manière impeccable et dans les délais annoncés. Merci"
2949252;4
2950367;"Tres contente de l,hopital par contre le ssr de Varennes st sauveur je ne le recommanderais pas tout, transfert hopital ssr vendredi 18 ressortie mercredi  24,les médicaments  de 12h apportes a 16h30 et j,en passe pas de kine pendant 4 jours,moi je note cet établissement a 0"
2948235;4
2947748;4
2950294;3
2948013;4
2948534;"Super accueil Merci à l équipe du service de l uma"
2947751;4
2948017;3
2947858;3
2955837;4
2948092;4
2947899;4
2951023;4
2949478;1
2957179;3
2948998;3
2950615;3
2947793;4
2947769;3
2948959;4
2950732;"Très bien accueil sympathique excellent"
2950364;4
2948780;3
2947829;4
2948787;3
2949360;3
2947828;4
2948120;3
2947792;4
2949026;4
2950678;"Je suis très satisfait 4"
2950790;"Bonjour Monsieur Jean Pierre 3"
2967022;M
2952071;3
2947788;3
2947883;4
2948444;"Très bon service Chirurgie /Orthopédique /Traumatologie de Mr Le Docteur J. Plassard. Merci à Tous au secrétariat, infirmières, aides-soignants, Anesthésiste et Docteur PLASSARD J. Chirurgien  Merci à TOUS"
2981327;4
2948761;2
2950165;3
2950197;"J'aurais pu mettre 4 mais le service était encombré avec le COViD. J'ai donc passé ma première nuit à dormir dans le couloir. Mais je le comprends tout à fait."
2948596;4
2949137;4
2948515;4
2948652;"Le service unité de médecine  ambulatoire est très agréable malgré les soucis de santé. Le personnel ainsi que le Docteur qui me suit est sympathique, agréable, bienveillant et compétent. gentil, aux petits soins et j'exagère pas. Ce service je le fréquente depuis novembre 2020 et ce n'est pas un stress de s'y rendre. Cordialement"
2974476;2
2973089;4
2973184;3
2975846;"4 très satisfait"
2981357;4
2973143;3
2973822;"Service de rhumatologie formidable ! Personnels très agréables et à l'écoute. En revanche la doctoresse des urgences qui m'a annoncé le matin du 15/04 que mon état ne justifiait pas une opération et mon transfert à Dijon en neurochirurgie comme je l'avais demandé, s'est bien trompée. J'ai dû être opéré hier (01/10) en semi urgence au CHU de Dijon pour une hernie discale qui me provoquait une sciatique avec un début de paralysie au pied gauche."
2973478;4
3013926;"Je t'embrasse  Fort tendrement."
3014094;"Comment s'ers passée la manif hier   Moblllsation était elle bonne, moyenne.  Il me semmble qu,aujpour"
3014100;0678618790
3014137;TFi
2973715;"4 merci"
2973786;4
2973929;"Accueil de Sophie très sympa et Mr Richard très bien M a aidee pour me glisser sur la table depuis mon fauteuil. Merci bien"
2973129;3
2973729;"Le suivi de la prise en charge des patients est bien et le personnel est très important pour les informations et chapeau pour les médecins"
2973068;4
2973430;3
2976433;3
2973583;4
2973747;"Une équipe médicale performante , des infirmières a l écoute et sachant nous mettre à l aise ...première opération et surpris ,merci l hôpital public .c est de cela que l on a besoin ,merci a eux"
2973886;"4 très satisfait"
2974279;"De personnel très professionnel, très agréable et toujours à l'écoute. Merci"
2975978;4
2975984;"Très bien continué comme ça merci"
2973175;4
2973951;"satisfait   3"
2981154;4
2973239;4
2973614;"Je suis heureuse de constater qu il y a encore beaucoup d humanité à chalon sur Saône moi moi-même retraité après 40 ans en radiologie merci beaucoup  JdR"
2973166;4
2974073;3
2973808;4
2974090;4
2974284;"Reçu en priorité aux urgences dimanche 18 avril après-midi et opération dans les 2heures merci à toute l équipe ainsi qu'à l équipe de soignants rien à dire de plus merci à tous"
2975931;D
2974391;4
2973306;2
2973545;"Bonjour je t'épice l'équipe super j'ai été bien accueilli à l'accueil comme au service maternité cependant il y a vraiment trop d'attente !! Bonne journée à vous"
2973099;4
2973546;"quipe UMA très agréable, merci pour leur gentillesse !"
2974609;3
2981323;4
2982450;4
2973781;3
2973101;4
2973690;4
2973086;4
2974171;"Tres satisfait 4"
2974919;4
2973080;4
2976239;5
2976241;4
2973392;3
2975514;2
2976244;3
2973791;3
2973120;4
2973767;"Très bon service Chirurgie-Orthopédique Un grand merci au bloc opératoire, infirmières (iers) Anesthésiste et Docteur J. Plassard"
2975640;"4 Je suis très satisfait sur la prestation de l'hôpital et notamment du service du Dr Meunier Félicitation"
2973067;4
2973724;"quipe soignante très à l'écoute, agréable. prise en charge de la douleur excellente."
2975589;3
2976258;3
2973497;4
2974724;4
2973195;"Chiffre 4."
2974061;"Tout était parfait et en plus d'etre compétant le personnel est très sympatique. Merci à lui."
2973723;2
2975133;4
2974714;3
2973812;4
2973074;3
2973625;4
2973761;4
2973328;4
2973698;"Je vous remercie pour les soins qui m'ont été prodigués. L'ensemble du personnel rencontré pendant mon hospitalisation s'est montré d'une  grande bienveillance à mon égard. Je vous remercie encore et continuez comme ça. Vive l'altruisme des soignants !"
2974590;3
2973097;4
2974697;4
2974733;"En plus le personnel est très gentil et attentif"
2973741;4
2973563;4
2973688;"Personnel infirmier très agréable. Médecin, anesthésiste et brancardier très rassurant.  Merci"
2977159;3
2973088;"4 très satisfait"
2973125;4
2973867;"Accueil très agréable ainsi que le soin super équipe"
2974285;4
2975954;4
2973765;"Tres bien  je mais 4 j aurai aimé metre dix"
2974854;3
2976031;4
2974658;4
2980637;4
2974378;3
2973866;3
2973113;4
2974074;3
2973651;"4 comme  toujours  très bonne  équipe"
2976125;4
2976127;"Tout c'est bien passé du début à la fin de l'opération. Merci"
2974116;4
2974559;4
2973861;3
2973619;4
2973789;"Bravo. Un accueil et des gens super sympa. Je suis vraiment satisfait et encore merci pour tout ce que vous faites. .."
2975665;4
2973891;4
2974626;"Des urgences a l'étage pneumologie , du personnel de ménage , au personnel soignant et aux médecins, je n'ai rencontré que des gentils et aimables.Merci à tous"
2974042;4
2973722;1
2973819;"Sortie de l'hôpital sans réponse à mes questions parce que le docteur était au bloc et le médecin interne ""ne connaissait pas mon dossier donc ne pouvait pas me répondre"". J'ai demandé le résultat du bilan sanguin du matin mais personne n'a pu me le communiquer. Les personnels se contredisaient entre eux..."
2973091;4
2975787;"Personnel très sympathique s'occupe bien de nous"
2973112;3
2973918;4
2974574;"Moi j ai été très bien accompagnée tout le temps que j ai passée à hôpital le personnel très.compétent   tout le monde c est présenté dès mon arrivée au service unité de médecine ambulatoire voilà     pas. De crainte à avoir"
2974118;4
2973053;4
2974379;4
2974413;"Parfaite prise en charge et soins excellents. Je recommande ce centré hospitalier et surtout le service d'orthopédie."
2973431;4
2973598;"Bjr dans tout les services que je suis reçu,  ou hospitalisé,  les"
2973600;"al  Cdt"
2973601;"médecins très bien et le service aide soignants du service UMA géni"
2976007;4
2973096;4
2973817;1
2973963;"Très déçu de l'accueil aux urgences à 16h3 ont m'a gentillement dit que le service après vente devais être assuré par le chirurgien qui m'avait opéré. Résultat obligée d'appeler le samu à 21h30 pour infection post op ! Pas de place pour m'hospitaliser donc je rentre chez moi avec du dafalgant et un antibio des douleurs atroces à ne pas pouvoir marché en me disant de revenir en urgence si ça se dégrade."
2975475;1
2975504;"Le médecin aucune humanité imbu de sa personne une femme voulais me faire rentrer chez moi avec épaule luxée du jamais-vu 7h de souffrance"
2973060;4
2974432;3
2974247;4
2973066;3
2974343;3
2974764;"Personnel agréable a tous niveaux, appréciable 'pour ds les moments plus compliqués."
2974433;4
2974012;3
2975085;3
2976080;4
2973107;4
2973798;"ò@¥A$£€££Nous remercions toute l'équipe du service maternité pour l'accompagnement et les soins re.us lors de notre séjour. Nous nous sommes senti écouté et"
2973874;3
2973946;4
2998787;4
3000603;4
3001511;"merci au personnel  hospitalier pour leurs travail  ."
2998428;3
2998829;3
2998463;4
2999624;"Super comme toujours..."
2998434;4
2998448;4
2999335;"Oui amabilité, explications. Pas bcp d'attente, fluidité.  J'ai été impressionnée."
2999379;"Surtout continuer comme ça. Cela change tout pour le patient"
3000278;"4, merci pour votre prise en charge"
2998422;4
2998501;3
3000285;"Personnel competent et agreable besoin de comprendre les attentes malades sep (frequence sondages, selles) ceux de nuit competent et comprehensifs"
2998535;4
3000072;3
2998569;2
3000436;4
3012564;4
2998509;2
3001294;"Bonjour , 4."
3001330;"Je suis satisfait des soins prodigués dans le service oncologie depuis 8 ans . Cordialement"
2998492;4
3030167;3
2998666;4
2999201;"J'ai reçu de la part du service d'opération ambulatoire ainsi que du Docteur beaucoup d'attention et de gentillesse"
2998430;3
2998514;4
2999167;"Franchement et sincèrement j'ai rarement été si bien accueilli Anesthésistes sympas Infirmières souriantes agréables comme je l'ai dit quand ont m'a appelé le lendemain c'est bien dommage qu'ont ne puisse offrir un beau bouquet de fleurs mais je le comprends la chirurgie doit etre stérile encore un grand merci pour tout"
2998467;3
3000738;3
3001971;"Je remercie  le personnel qui a pris en charge mon fils et mon père aussi de leur bienveillance et leurs patience vis à vis de mon père...."
2998474;4
2998431;4
2999404;"Je tiens à souligner la gentillesse , et l écoute de l équipe qui m a prise en charge.Jé leur adresse un immense MERCI"
2998458;3
3000224;1
3001308;"Désolé pour mon erreur de quotation, je souhaitait noter 4 et j'en profite pour féliciter tous les professionnels pour leur qualité d'accompagnement durant l'examen  J"
2999158;3
3002136;"C'est domage que les chambres à 2 lits soient petites , le personel lui meme a du mal à travailler , si non pour moi tout était bien"
3000885;2
3000469;4
3001520;"Accueil soins et accompagnement tout  a été remarquable d efficacité et de gentillesse !! Encore mille mercis à tous"
3001819;3
2998562;4
3000087;4
2999211;4
2998482;3
2999327;"La prise en charge était très satisfaisante mais j'étais avec une patiente âgée et elle aurait dû,  soit elle ou moi, avoir une chambre individuelle car mon traitement était difficile à supporter et elle n'avait pas toute sa raison"
3002343;4
2998538;3
3007902;4
3001512;3
2998480;4
3005225;4
3002318;1
3001364;4
3001357;4
3001864;2
3001897;"Je comprends que les conditions en ce moment ne sont pas faciles, cependant l'attitude de certaines personnes du personnel soignant ce laisse à désiré..."
3000601;3
2998657;4
2998536;3
2999285;3
2999493;"Température des chambres insupportable ! Je n'ose pas imaginer pendant l'été..."
3001694;3
2999193;3
3000006;3
2999791;3
2999918;"Super accueil aux urgences service gynécologies au top service traumatologie bien"
2998929;4
3008100;2
2998872;4
2999411;3
2999740;3
2999923;"Ma réponse est 4. Je suis très satisfaite du Centre Hospitalier. Tant sur  le plan médical que sur l accueil des services médicaux."
2999192;3
2999120;3
2999579;3
3001919;4
3000133;4
2998438;2
2999089;"Très déçu de la qualité de la prise en charge vos protocoles tiennent les aidants à distance mais vous êtes incapables de répondre aux besoins des hospitalisés (manque de personnel ?? Organisation du travail ??) je ne sais mais le patient âgé paye le prix fort !"
2998435;3
3000577;3
2999320;4
2999462;"L'information était très bien expliquée et le personnel au top  Rien à regretter pendant mon hospitalisation"
2998515;4
3000228;"Tout le personnel soignant est à l'écoute, est efficace et serviable. Merci beaucoup ! ??"
2998995;4
2998559;4
2998481;4
2998633;4
3001144;4
3001203;"Je voulais vous dire que les infirmi res de jour comme de nuit sont formidable Encore MERCI"
3001478;4
3001495;"Merci au personnel du service de médecine ambulatoire pour sa gentillesse et son professionnalisme"
2999171;3
3000025;4
2998759;"4 très  satisfaite merci"
2999059;"Le personnel médical  est souriant compétent... Donc je suis satisfaite du service. Bonne journée  et surtout bon courage en cette période difficile cordialement"
3000074;3
3000233;"Très Bon accueil  Et soins"
2998711;3
2999262;4
2998527;4
2999002;"Équipe ambulatoire adorable Docteur champion et son infirmiere tres rassurant"
3000353;4
2999796;4
2998684;4
3001652;4
3001845;"Bonjour. Il serait intéressant pour le patient de connaître le programme des soins et des différentes interventions en début de journée.... de nombreuses personnes se succèdent auprès de nous sans que nous y voyions une certaine logique et un suivi. Certains agents ne semblent pas au courant du suivi des soins. Mais cela ne ternit aucunement la qualité des relations et de la compétence des agents que je remercie grandement."
2999503;4
3001500;2
2998976;3
3001334;2
2998690;4
2998455;4
3002361;4
2999546;4
3000511;"Hospitalisation  de jour Médecins et personnels compétents,traitants  les patients humainement.  Avec  respect.  Bonne organisation.  Merci  à  eux"
3001841;3,5
3002057;4
3002081;"Bonjour c'était super pour ma part que ce soit pour l'accueil les infirmières salle de réveil très content merci pour tout"
2998498;3
2998452;4
2999001;"Personnel à l'écoute et très attentionné"
2999571;2
2999592;"Sur l'info, 3"
2999674;"La qualité de l'information  m'a apporté des réponses  claires :le personnel s'est montré à l'écoute et disponible. Des complications post opératoires m'ont conduit à minorer mon jugement. Merci bonne journée"
2998433;4
2999060;"Bonjour, je suis parti en signant une décharge de mon choix, et maintenant je remange super bien je n'ai plus mal, le médecin a fait un super travail meme si je suis parti de moi meme de l'hopital. Il m'a très bien soigner mais j'avais trop de choses à faire en dehors de l'hopital pour sa mon départ signé avec décharge. Mais félicitations à vous"
2998632;"Numéro 3"
2998443;4
2998411;4
2998445;3
2998461;4
3002213;,5
3002279;3
2999907;"Bonjour Je réponds 4"
3000407;"Prise en charge , soins , personnel au top"
3002055;3
3001969;4
2999178;4
3007640;4
3000397;3
3007779;"J'ai apprécié l'accueil et la compétence de l'équipe de soignants que je remercie."
3000516;4
3000077;4
3008858;4
3000683;4
3027000;3
2999828;4
2999611;3
3001124;4
2998457;4
3028346;4
3028351;4
3027001;4
3027062;"Je remercie l'ensemble de l'équipe qui m'a suivi durant mon hospitalisation. Professionnalisme, écoute, bienveillance et bonne humeur. Je me suis sentie en sécurité et en confiance. Seul bémol, la qualité organoleptique des repas que j'ai trouvé médiocre."
3026886;4
3027264;3
3027308;"Très bonne prise en charge pour mon accouchement le vendredi 30 avril par l'infirmière. Péridurale un peu trop forte à mon goût, je n'ai rien senti mais j'en garde un bon souvenir quand même."
3026562;3
3028709;"Juste un petit bémol en ce qui concerne la communication mais je vous comprends merci"
3029062;3
3027685;4
3027764;"Accueil vraiment sympathique. Personnel très professionnel et à l'écoute du client ... Merci à tout le personnel du centre hospitalier... Merci spécialement à l'équipe du Docteur .. Et au personnel de l'anesthésie.. Pour leur professionnalisme... Et leur attention..."
3027111;4
3025389;4
3025763;4
3026027;"4 très satisfait"
3028306;0
3025660;"Ma  note cette fois ci  et numéro  2"
3027692;4
3025434;4
3025304;4
3029284;2
3026084;2
3025731;4
3027455;2
3025317;4
3045098;4
3025843;4
3026850;3
3027746;4
3025308;2
3026488;4
3025316;4
3029663;4
3030130;4
3027336;4
3028405;2
3025369;4
3025405;4
3025580;3
3025361;4
3026343;"Bonjour je donne la note de 4 Bonne journée"
3027987;4
3025346;4
3025307;4
3027213;4
3026491;4
3026538;"Satisfaite de l accueil  pour mon hospitalisation dans le service hôpital de semaine"
3026928;3
3028318;4
3029593;"Accueil très chaleureux du personnel soignant. Excellente qualité des soins. Hôpital ***** . A recommander !"
3028297;4
3025440;3
3029077;4
3029080;"Très satisfaite de mon séjour  à l'hôpital je remercie l'ensemble du personnel"
3025391;3
3025501;3
3026866;"En sortant le 5 Mai j'ai laissé un message écrit au service du  troisième étage qui m'a recu  et où j'ai donné mon sentiment. S' il le faut je le réitère , sans le réécrire."
3027237;"Tout était parfait. Merci...4"
3026373;4
3026158;4
3027190;"En réponse à votre SMS, j'attribue la note de 4. Cdlt."
3029038;4
3029041;"Service très efficace, bien reçue et personnel au top"
3025344;4
3035272;"Prise en charge satisfait 3"
3025779;4
3026145;"Equipe de chir gyneco tres sensibilisée à la douleur."
3027171;4
3028567;"3: je déplore simplement qu'avoir signaler à plusieurs reprises mon cathéter me faisait mal il n'a pas été changé, de ce fait j'ai une inflammation au bras droit qui n'est pas encore résorbée."
3027323;3
3025343;3
3026729;"Bonjour, 4, je remercie le service de gastro. Très bon accueil comme toujours."
3028881;"Merci et bon courage pour ceux qui sont de permanence. N. B."
3027355;4
3026836;4
3026922;"Je remercie les services pour leur accueil. Vs êtes vraiment dévoués"
3027252;4
3028433;4
3025359;4
3026037;"Je suis très satisfait, de la prise en charge, des soins et actes médicaux que j'ai reçu. Bonne journée"
3025561;3
3025318;4
3026728;4
3029524;3
3026949;Quatre
3030138;3
3029044;3
3028800;2
3025480;"Réponse : 4"
3026195;"Super équipe en hopital de jour ,bilan gériatrique !!  Prise de charge très humaine ."
3026375;4
3025393;4
3025982;"Attente assez longue mais le personnel soignant était vraiment professionnel et on fait de leur mieux. Je pense que moins de bureautique et plus de personnels sur le terrains seraient bien plus efficaces. Mais cela reste un point de vue externe à une organisation qui met inconnu.  Encore merci au personnes qui m'on pris en charge."
3026289;3
3028382;^
3026985;3
3027645;"Je sort d'hospitalisation suite au covid. Ils et elles font du sacré boulo. Merci encore."
3025342;4
3026076;"Nous avons eu une équipe très compétente et à l écoute, qui a su prendre le temps qu'il fallait pour la naissance de notre deuxième enfant. Un énorme merci à Géraldine (auxiliaire puéricultrice) et Roxanne ( sage-femme, j'espère ne pas m' etre trompé de prénom)  grace à elles nous avons passé un super moment."
3027599;4
3027693;"Un personnel aussi aimable que compétent et et qui se rend disponible. Merci à tous."
3061495;4
3027119;4
3026013;4
3027287;4
3025365;4
3027924;3
3028252;3
3027643;4
3028885;4
3028962;"Très bonne prise en charge au service cardiologie et équipe médicale au top!"
3025834;3
3025762;R
3029341;4
3025452;4
3027028;4
3026704;4
3026892;"Bonjour, Je vous confirme avoir passé 21 heures sur un brancard dans le couloir des urgences le 1er mai.......même les animaux sont mieux traités dans les cabinets vétérinaires... Cette situation me semble pour le moins très inadaptée. A contrario les soignants sont très pro, à l'écoute et très pertinents. Cordialement"
3027434;4
3029095;"Service très a l'écoute, du personnel qui met en confiance, de la gentillesse, de la bienveillance.... Bravo à tous et merci pour votre professionnalisme...."
3027162;4
3025315;3
3029531;3
3027156;4
3027630;"Le personnel du service est très professionnel et très courtois  Merci"
3025423;4
3026026;"Tres bonne prise en charge qui part des aides soignantes, infirmieres ainsi que du medecin Merci"
3025713;4
3026297;"La gentillesse et la compétence du personnel m'ont aidé à passé ce moment délicat. Merci"
3027744;N°4
3027956;"Nous pouvons tout simplement vous dire merci pour vos bons soins à toutes et tous."
3025313;4
3026202;4
3026478;2
3026889;"Trop d'attente avant d'entrer au bloc. Convoquée à 11h. Le brancardier est venu à 15h"
3025918;4
3025363;2
3025816;"Je me suis senti très mal pendant ce séjour."
3025332;4
3026571;"Je ne suis restée qu'une nuit mais tout s'est bien passé. Le service est calme la nuit ce qui permet de se reposer. L'équipe est à l'écoute et réactive (si douleur elle est traitée immédiatement).  Mon opération s'est aussi très bien déroulée, le personnel a été compréhensif, rassurant et vraiment gentil avec moi. Merci"
3029099;3
3025431;3
3026426;"Mon commentaire serait il intègre puisque étant retraité du CHWM ???..."
3025312;4
3028968;1
3028969;"Laisses ses patients dans la douleurs et préfère les faire poiroter une semaine complète pour rien."
3025309;4
3027149;"4 très satisfait"
3026487;3
3025693;3
3026525;4
3026913;4
3025340;4
3026326;4
3027452;4
3027576;"Personnel accueillant et à l écoute du patient. Donc j ai été très satisfaite du personnel et du specialite avant et après mon intervention."
3025462;4
3029096;3
3025348;4
3025971;"Le personnel est vraiment très bien , merci encore pour votre professionnalisme"
3025364;3
3025314;4
3025439;"Super équipe très performante,  efficace et rassurante.  Merci à eux pour leur professionnalisme."
3025812;"Super équipe très performante,  efficace et rassurante.  Merci à eux pour leur professionnalisme et leur gentillesse."
3026033;4
3026203;"J'ai donnée naissance a ma fille le 4 mai tout c'est bien passé, l'équipe en salle d'accouchement au 1er est parfaite et aussi celle du suivi au 2eme étage, bon séjour à la maternité"
3049249;3
3053286;4
3053391;"Merci à tous les soignants pour leur accueil et leur gentillesse."
3050530;3
3049269;4
3050577;"J'ai fait 2 passages de 4 jours en dermato et je peux vous affirmer que j'ai eu a faire a des personnes tres competentes et tres sympatiques merci"
3049370;3
3051433;3
3050281;4
3050471;4
3050326;4
3050643;"J'ai été hospitalisée du 29 avril au 10 mai au service rhumatologie,  équipe au top ( matin, après-midi et nuit ) toujours souriantes et très gentilles . Très aimables,  douces. Je les remercie chaleureusement. Et je leur tire mon chapeau car elles sont très courageuses. Je souhaiterais que ce message leur parvienne de  ma part"
3051957;4
3053260;"Bonjour j'étais dans le service orthopédique. Toute l'équipe soignant a été très formidable. Prise en charge de la douleur très rapide. On ne m'a pas laissé souffrir. Merci à toutes et à tous."
3049942;3
3049218;3
3050033;3
3053832;1
3057804;Quatr
3057807;Quatre
3061191;4
3052247;4
3054267;1
3054284;"La prise en charge par les urgences , c'est en dessous de tout , trop de personnel  a la reception  de ces urgences et peu d'efficacite ! Et en plus pas ete vue par le medecin de garde du service de nephrologie  . Alors que je suis greffee renale et que je souffrais d'une pyelonephrite .Cela s'est passe le samedi soir 9 mai et tres tard"
3050142;4
3051593;2
3054215;4
3054220;"Ma réponse fait suite à l'intervention en ambulatoire ; par contre peu satisfait au service des urgences."
3049359;4
3050749;"Bonjour, Très satisfait du service et surtout de l'intervention, aucune douleur, et après quelques séances de kiné l'amplitude de ma jambe est entre 110/115. donc un grand merci au docteur et à tout le service.Au point de vue nourriture c'est parfait ."
3051313;"4 très satisfait"
3051388;"Je remercie toute l'équipe qui m'a pris en charge,les urgences et le service urologie pour leurs professionnalismes et leurs gentillesses"
3051277;4
3051423;"Les équipes au service maternité sont super"
3053083;4
3049255;4
3050659;"Prise en charge très  ponctuelle.Médecin et personnel très  à  l'écoute."
3049271;4
3050325;"Merci pour la bienveillance et la sympathie du service de soins intensifs cardio !"
3061862;1
3053430;4
3051048;4
3051166;"Enchantée du service ambulatoire. Le personnel est très chaleureux et la prise en charge est formidable. Félicitations."
3049222;2
3050223;"Très satisfaite de l'unité kangourou (par rapport à ma précédente expérience au service maternité): disponibilité et amabilité du personnel, intégration du père, accompagnement pour l'allaitement..."
3049421;1
3050769;"À la sortie du bloc operatoire le catheter ne laissait pas passer la morphine et ça a été l enfer  Le soir et les jours suivants bonne prise en charge"
3049543;1
3050568;"Insatisfaction dur la façon dont on est considéré. Pourquoi le patient doit-il se justifier d'être malade ?"
3049834;3
3049242;2
3050481;"Calmer les douleurs d'une sclérose en plaques cela ne doit pas être facile...."
3049201;4
3050376;4
3050716;"Très bon médecin et très bon accueil"
3054223;4
3052118;1
3049179;4
3059344;4
3095033;4
3059143;4
3049589;4
3054085;4
3062194;"Très bon accueil, tout le personnel  très compétent merci à tous"
3053698;3
3053872;"Juste une petite critique au sujet d une fenêtre de chambre 109 en service  viscérale je trouve   inadmissible quel soit condamné depuis des mois ..aérée   en temp de covid doit être possible merci d intervenir pour les prochain patient ma prise en charge vraiment rien a dire merci"
3049219;4
3051308;"Très bon accueil  Merci aux équipes soignantes"
3049232;3
3050525;"Une équipe (ambulatoire et ortho) très sympathique et à l'écoute  Seul bémol et ce n'est pas un reproche au personnel présent lors de mon séjour mais au manque d'effectif qui fait que l'attente pour avoir les antalgiques est un peu longue"
3049280;4
3050043;"quipe très professionnel et personnel au petit soins merci"
3089727;4
3051844;4
3050504;4
3051915;3
3050753;"3, satisfait, le seul point faible, certaines réflexions désagréables de certaines aides soignantes. Merci"
3049202;4
3050224;"Très contente de la prise en charge. Toutefois temps très long pour attendre le passage du médecin et l'autorisation de sortie. Arrivée  à 7h15, je n'ai pu sortir qu'à 17h. Et j'ai eu très faim. Je remercie les infirmières de m'avoir amené un 2e petit déjeuner dans la journée. Si j'avais su j'aurais amené quelque chose. On m'avait indiqué normalement un départ en début d'après midi. Je remercie toute l'équipe !"
3051761;4
3049215;3
3049523;4
3049193;4
3049243;4
3051717;3
3051778;"Très satisfaite des soins reçus à l'hôpital .."
3051876;3
3051827;4
3050294;3
3050645;"Personnel très accueillant souriant et sympathique"
3050113;4
3049257;3
3050758;4
3052071;"3 - 3"
3051330;3
3056052;4
3052331;4
3052371;"Pas eu besoin de demander un calmant pour la douleur, l'infirmière est venue d'elle même me le proposer..."
3051295;4
3049958;4
3049211;4
3049290;4
3050513;4
3050797;2
3049960;3
3049247;4
3053736;3
3049273;4
3049181;4
3049234;3
3052332;3
3049184;4
3054191;4
3049553;4
3050631;"Dans un contexte sanitaire tellement tendu, je suis vraiment admirative de la simplicité, de la fluidité de la prise en charge administrative, de la grande continuité de soins et de la bienveillance constante de chacun des membres du personnel soignant avec qui j'ai été en contact."
3050096;4
3050361;"Chirurgie ambulatoire super accueil professionnel"
3049756;4
3051009;"Des l'accueil à la dialyse Personnel à l'écoute , très sympathique et très professionnel, et de meme pour le bloc opératoire,rester humain est très important. Ne changer rien .."
3051481;4
3050527;2
3050666;"Je suis venue une première fois pour sciatique paralysante dans les 24h de sa survenue je souffrais on m'a laissé attendre 3h en souffrant dans le hall en salle d'attente pas possible de s'allonger... Lorsque j'ai demandé combien de temps à attendre encore : 3h. 6h à attendre en souffrant n'était pas possible pour moi je suis partie. Je suis revenue 2 jours après avec lettre du médecin et scanner pour hospitalisation, encore 4h d'attente en souffrant. Je me suis fait opérer en urgence à Dijon d'une hernie très volumineuse. A l'heure d'aujourd'hui je suis paralysée du pied gauche en espérant que je le récupère un jour..."
3050714;3
3049264;1
3053222;2
3057589;"Bonjour. Je mettrais 3. Le personnel du service est vraiment très gentil. Dommage qu elles n est pas plus de temps à consacrer aux malades."
3049407;3
3050382;4
3051021;"Je tiens à remercier l'ensemble du personnel médical qui était à l'écoute et très gentil, aussi bien aux urgences qu'en hospitalisation"
3054277;4
3050996;4
3049208;3
3054336;4
